INSERT INTO `bus` (`bus_no`, `name`) VALUES
('B1', 'KSRTC'),
('B2', 'NASHA'),
('B3', 'KTP'),
('B4', 'KTC'),
('B5', 'ATP'),
('B6', 'SRTC');

INSERT INTO `stand` (`stand_code`, `name`) VALUES
('S1', 'Palakkad'),
('S2', 'Mannarkkad'),
('S3', 'Perinthalmanna'),
('S4', 'Malappuram'),
('S5', 'Kondotty'),
('S6', 'Kozhikkode'),
('S7', 'Ottapalam'),
('S8', 'Shornur'),
('S9', 'Wadakkanchery'),
('S10', 'Thrissur');


INSERT INTO `route` (`id`, `bus_no`, `stand_code`, `start_time`, `fare`) VALUES
(NULL, 'B1', 'S1', '06:00:00', '0'),
(NULL, 'B1', 'S2', '06:00:00', '10'),
(NULL, 'B1', 'S3', '06:00:00', '20'),
(NULL, 'B1', 'S4', '06:00:00', '30'),
(NULL, 'B1', 'S5', '06:00:00', '40'),
(NULL, 'B1', 'S6', '06:00:00', '50'),
(NULL, 'B2', 'S1', '12:00:00', '0'),
(NULL, 'B2', 'S2', '12:00:00', '10'),
(NULL, 'B2', 'S3', '12:00:00', '20'),
(NULL, 'B2', 'S4', '12:00:00', '30'),
(NULL, 'B2', 'S5', '12:00:00', '40'),
(NULL, 'B2', 'S6', '12:00:00', '50'),
(NULL, 'B3', 'S1', '18:00:00', '0'),
(NULL, 'B3', 'S2', '18:00:00', '10'),
(NULL, 'B3', 'S3', '18:00:00', '20'),
(NULL, 'B3', 'S4', '18:00:00', '30'),
(NULL, 'B3', 'S5', '18:00:00', '40'),
(NULL, 'B3', 'S6', '18:00:00', '50'),
(NULL, 'B4', 'S1', '06:00:00', '0'),
(NULL, 'B4', 'S7', '06:00:00', '10'),
(NULL, 'B4', 'S8', '06:00:00', '20'),
(NULL, 'B4', 'S9', '06:00:00', '30'),
(NULL, 'B4', 'S10', '06:00:00', '40'),
(NULL, 'B5', 'S1', '12:00:00', '0'),
(NULL, 'B5', 'S7', '12:00:00', '10'),
(NULL, 'B5', 'S8', '12:00:00', '20'),
(NULL, 'B5', 'S9', '12:00:00', '30'),
(NULL, 'B5', 'S10', '12:00:00', '40'),
(NULL, 'B6', 'S1', '18:00:00', '0'),
(NULL, 'B6', 'S7', '18:00:00', '10'),
(NULL, 'B6', 'S8', '18:00:00', '20'),
(NULL, 'B6', 'S9', '18:00:00', '30'),
(NULL, 'B6', 'S10', '18:00:00', '40');

INSERT INTO `journey` (`journey_code`, `journey_date`, `tot_seat`, `avail_seat`, `bus_no`)
VALUES (NULL, '2018-11-12', '50', '50', 'B1'),
(NULL, '2018-11-12', '50', '50', 'B2'),
(NULL, '2018-11-12', '50', '50', 'B3'),
(NULL, '2018-11-12', '50', '50', 'B4'),
(NULL, '2018-11-12', '50', '50', 'B5'),
(NULL, '2018-11-12', '50', '50', 'B6'),
(NULL, '2018-11-13', '50', '50', 'B1'),
(NULL, '2018-11-13', '50', '50', 'B2'),
(NULL, '2018-11-13', '50', '50', 'B3'),
(NULL, '2018-11-13', '50', '50', 'B4'),
(NULL, '2018-11-13', '50', '50', 'B5'),
(NULL, '2018-11-13', '50', '50', 'B6'),
(NULL, '2018-11-14', '50', '50', 'B1'),
(NULL, '2018-11-14', '50', '50', 'B2'),
(NULL, '2018-11-14', '50', '50', 'B3'),
(NULL, '2018-11-14', '50', '50', 'B4'),
(NULL, '2018-11-14', '50', '50', 'B5'),
(NULL, '2018-11-14', '50', '50', 'B6');
